date_obs,region,culture,priorite_intervention,nb_parcelles,marge_moyenne_fcfa,risque_moyen
2026-04-16,Dakar,arachide,surveillance,1,379323.96,3.17
2026-04-16,Dakar,mais,stable,1,242542.91,2.04
2026-04-16,Dakar,mil,surveillance,1,164750.81,2.93
2026-04-16,Dakar,riz,stable,1,159531.76,2.14
2026-04-16,Dakar,tomate,surveillance,1,194547.87,2.87
2026-04-16,Diourbel,arachide,surveillance,1,111431.53,2.99
2026-04-16,Diourbel,mais,surveillance,1,322301.0,2.95
2026-04-16,Diourbel,mil,surveillance,1,344561.89,3.16
2026-04-16,Diourbel,riz,critique,1,229043.42,3.59
2026-04-16,Diourbel,tomate,stable,1,263911.64,0.71
2026-04-16,Fatick,arachide,stable,1,300489.99,2.03
2026-04-16,Fatick,mais,surveillance,1,269549.67,2.31
2026-04-16,Fatick,mil,critique,1,331444.56,3.79
2026-04-16,Fatick,riz,stable,1,266488.75,2.02
2026-04-16,Fatick,tomate,surveillance,1,395522.14,2.97
2026-04-16,Kaolack,arachide,stable,1,326797.84,1.45
2026-04-16,Kaolack,mais,stable,1,74659.27,1.05
2026-04-16,Kaolack,mil,surveillance,1,96180.79,2.68
2026-04-16,Kaolack,riz,stable,1,202378.7,1.6
2026-04-16,Kaolack,tomate,stable,1,468168.72,2.09
2026-04-16,Kolda,arachide,stable,1,202820.56,1.17
2026-04-16,Kolda,mais,critique,1,146858.15,3.77
2026-04-16,Kolda,mil,surveillance,1,297042.15,2.6
2026-04-16,Kolda,riz,surveillance,1,209566.3,3.18
2026-04-16,Kolda,tomate,stable,1,300709.75,1.98
2026-04-16,Saint-Louis,arachide,surveillance,1,208006.56,2.96
2026-04-16,Saint-Louis,mais,stable,1,338012.78,1.59
2026-04-16,Saint-Louis,mil,stable,1,333489.36,2.01
2026-04-16,Saint-Louis,riz,stable,1,290453.77,1.59
2026-04-16,Saint-Louis,tomate,stable,1,426793.5,2.13
2026-04-16,Thies,arachide,surveillance,1,350288.68,2.73
2026-04-16,Thies,mais,stable,1,220912.54,2.25
2026-04-16,Thies,mil,stable,1,401950.29,1.99
2026-04-16,Thies,riz,surveillance,1,449576.07,3.45
2026-04-16,Thies,tomate,surveillance,1,94373.3,2.4
2026-04-16,Ziguinchor,arachide,critique,1,414978.91,3.83
2026-04-16,Ziguinchor,mais,stable,1,288657.54,2.11
2026-04-16,Ziguinchor,mil,surveillance,1,373879.94,3.13
2026-04-16,Ziguinchor,riz,stable,1,249768.22,1.34
2026-04-16,Ziguinchor,tomate,surveillance,1,445131.19,2.55
2026-04-15,Dakar,arachide,stable,1,408294.68,1.72
2026-04-15,Dakar,mais,stable,1,339049.11,2.19
2026-04-15,Dakar,mil,stable,1,317391.93,0.97
2026-04-15,Dakar,riz,surveillance,1,205128.76,3.41
2026-04-15,Dakar,tomate,surveillance,1,61663.53,2.71
2026-04-15,Diourbel,arachide,stable,1,246747.3,1.53
2026-04-15,Diourbel,mais,surveillance,1,184234.65,3.21
2026-04-15,Diourbel,mil,surveillance,1,299136.43,2.39
2026-04-15,Diourbel,riz,surveillance,1,278136.69,2.46
2026-04-15,Diourbel,tomate,stable,1,303312.87,1.68
2026-04-15,Fatick,arachide,stable,1,318153.97,1.09
2026-04-15,Fatick,mais,surveillance,1,211602.22,2.84
2026-04-15,Fatick,mil,surveillance,1,318927.62,3.19
2026-04-15,Fatick,riz,surveillance,1,500671.2,2.55
2026-04-15,Fatick,tomate,surveillance,1,178804.44,2.79
2026-04-15,Kaolack,arachide,surveillance,1,316309.17,3.14
2026-04-15,Kaolack,mais,critique,1,208637.35,3.72
2026-04-15,Kaolack,mil,surveillance,1,282919.29,3.32
2026-04-15,Kaolack,riz,surveillance,1,308712.55,3.44
2026-04-15,Kaolack,tomate,surveillance,1,236593.65,2.69
2026-04-15,Kolda,arachide,surveillance,1,326158.1,3.39
2026-04-15,Kolda,mais,surveillance,1,309593.26,2.83
2026-04-15,Kolda,mil,surveillance,1,274659.35,3.16
2026-04-15,Kolda,riz,surveillance,1,292452.33,2.37
2026-04-15,Kolda,tomate,surveillance,1,216582.7,2.9
2026-04-15,Saint-Louis,arachide,stable,1,314667.01,2.23
2026-04-15,Saint-Louis,mais,surveillance,1,318813.04,3.2
2026-04-15,Saint-Louis,mil,stable,1,504049.74,2.23
2026-04-15,Saint-Louis,riz,surveillance,1,348881.01,3.43
2026-04-15,Saint-Louis,tomate,stable,1,217157.01,1.17
2026-04-15,Thies,arachide,stable,1,282195.2,0.53
2026-04-15,Thies,mais,stable,1,268477.91,2.26
2026-04-15,Thies,mil,surveillance,1,174202.94,2.87
2026-04-15,Thies,riz,stable,1,67116.52,0.77
2026-04-15,Thies,tomate,stable,1,122389.29,1.67
2026-04-15,Ziguinchor,arachide,surveillance,1,295704.56,3.05
2026-04-15,Ziguinchor,mais,critique,1,85119.2,3.68
2026-04-15,Ziguinchor,mil,surveillance,1,223235.34,2.33
2026-04-15,Ziguinchor,riz,surveillance,1,132834.48,2.71
2026-04-15,Ziguinchor,tomate,surveillance,1,224176.13,2.91
2026-04-14,Dakar,arachide,stable,1,239503.3,0.68
2026-04-14,Dakar,mais,surveillance,1,462853.81,2.42
2026-04-14,Dakar,mil,stable,1,314088.74,1.24
2026-04-14,Dakar,riz,stable,1,401552.38,1.24
2026-04-14,Dakar,tomate,stable,1,275164.89,1.45
2026-04-14,Diourbel,arachide,surveillance,1,206399.44,3.22
2026-04-14,Diourbel,mais,surveillance,1,421265.4,3.26
2026-04-14,Diourbel,mil,surveillance,1,200334.51,2.86
2026-04-14,Diourbel,riz,surveillance,1,204308.81,2.49
2026-04-14,Diourbel,tomate,surveillance,1,101030.66,2.88
2026-04-14,Fatick,arachide,stable,1,105167.7,2.06
2026-04-14,Fatick,mais,stable,1,459061.38,2.29
2026-04-14,Fatick,mil,surveillance,1,468735.89,2.78
2026-04-14,Fatick,riz,stable,1,145024.44,2.11
2026-04-14,Fatick,tomate,surveillance,1,347969.22,2.55
2026-04-14,Kaolack,arachide,surveillance,1,399634.23,2.63
2026-04-14,Kaolack,mais,surveillance,1,283637.43,2.86
2026-04-14,Kaolack,mil,stable,1,403418.63,1.99
2026-04-14,Kaolack,riz,surveillance,1,386351.71,2.55
2026-04-14,Kaolack,tomate,critique,1,275748.01,3.99
2026-04-14,Kolda,arachide,stable,1,298872.65,1.2
2026-04-14,Kolda,mais,surveillance,1,57036.3,2.53
2026-04-14,Kolda,mil,surveillance,1,269765.74,3.07
2026-04-14,Kolda,riz,surveillance,1,478765.15,3.38
2026-04-14,Kolda,tomate,critique,1,357579.03,3.98
2026-04-14,Saint-Louis,arachide,stable,1,192170.44,2.05
2026-04-14,Saint-Louis,mais,surveillance,1,457115.89,3.2
2026-04-14,Saint-Louis,mil,surveillance,1,105408.32,2.48
2026-04-14,Saint-Louis,riz,surveillance,1,99375.3,2.51
2026-04-14,Saint-Louis,tomate,surveillance,1,260219.29,3.45
2026-04-14,Thies,arachide,stable,1,188657.16,1.93
2026-04-14,Thies,mais,stable,1,299319.7,2.23
2026-04-14,Thies,mil,surveillance,1,70709.68,2.72
2026-04-14,Thies,riz,surveillance,1,202690.47,3.06
2026-04-14,Thies,tomate,surveillance,1,205670.87,2.42
2026-04-14,Ziguinchor,arachide,surveillance,1,39455.01,2.74
2026-04-14,Ziguinchor,mais,surveillance,1,114055.95,2.89
2026-04-14,Ziguinchor,mil,surveillance,1,97551.9,3.33
2026-04-14,Ziguinchor,riz,critique,1,192000.35,3.76
2026-04-14,Ziguinchor,tomate,surveillance,1,225902.66,3.49
2026-04-13,Dakar,arachide,stable,1,209181.38,1.73
2026-04-13,Dakar,mais,surveillance,1,78780.17,2.59
2026-04-13,Dakar,mil,surveillance,1,338358.55,2.48
2026-04-13,Dakar,riz,surveillance,1,227160.02,2.49
2026-04-13,Dakar,tomate,stable,1,145295.42,2.04
2026-04-13,Diourbel,arachide,critique,1,169714.92,3.87
2026-04-13,Diourbel,mais,surveillance,1,273202.21,3.13
2026-04-13,Diourbel,mil,surveillance,1,330611.65,2.75
2026-04-13,Diourbel,riz,stable,1,369093.56,1.19
2026-04-13,Diourbel,tomate,stable,1,97597.15,0.56
2026-04-13,Fatick,arachide,surveillance,1,297200.88,2.76
2026-04-13,Fatick,mais,surveillance,1,97068.47,2.85
2026-04-13,Fatick,mil,surveillance,1,290396.78,3.12
2026-04-13,Fatick,riz,surveillance,1,180983.02,3.33
2026-04-13,Fatick,tomate,critique,1,267248.08,3.67
2026-04-13,Kaolack,arachide,stable,1,305593.76,1.72
2026-04-13,Kaolack,mais,stable,1,307749.06,1.44
2026-04-13,Kaolack,mil,stable,1,61811.64,1.96
2026-04-13,Kaolack,riz,surveillance,1,246693.24,2.3
2026-04-13,Kaolack,tomate,surveillance,1,239663.52,2.65
2026-04-13,Kolda,arachide,surveillance,1,125967.26,2.6
2026-04-13,Kolda,mais,stable,1,283276.17,1.09
2026-04-13,Kolda,mil,stable,1,268994.6,0.98
2026-04-13,Kolda,riz,stable,1,255248.75,1.27
2026-04-13,Kolda,tomate,surveillance,1,143450.31,3.17
2026-04-13,Saint-Louis,arachide,surveillance,1,274023.01,2.8
2026-04-13,Saint-Louis,mais,surveillance,1,366280.13,3.23
2026-04-13,Saint-Louis,mil,surveillance,1,304965.32,2.98
2026-04-13,Saint-Louis,riz,critique,1,323420.55,3.9
2026-04-13,Saint-Louis,tomate,surveillance,1,365412.77,2.41
2026-04-13,Thies,arachide,surveillance,1,272454.53,3.26
2026-04-13,Thies,mais,critique,1,367549.28,3.59
2026-04-13,Thies,mil,surveillance,1,357717.67,3.12
2026-04-13,Thies,riz,stable,1,438853.42,1.1
2026-04-13,Thies,tomate,surveillance,1,109149.69,2.9
2026-04-13,Ziguinchor,arachide,surveillance,1,240269.4,2.89
2026-04-13,Ziguinchor,mais,stable,1,290836.01,1.43
2026-04-13,Ziguinchor,mil,critique,1,153973.6,4.44
2026-04-13,Ziguinchor,riz,surveillance,1,126243.07,2.91
2026-04-13,Ziguinchor,tomate,surveillance,1,172773.69,2.75
2026-04-12,Dakar,arachide,surveillance,1,183643.92,3.43
2026-04-12,Dakar,mais,surveillance,1,464869.43,3.25
2026-04-12,Dakar,mil,surveillance,1,269984.3,3.34
2026-04-12,Dakar,riz,stable,1,486759.32,1.42
2026-04-12,Dakar,tomate,surveillance,1,429431.96,2.7
2026-04-12,Diourbel,arachide,stable,1,353236.29,2.11
2026-04-12,Diourbel,mais,stable,1,365518.21,0.57
2026-04-12,Diourbel,mil,surveillance,1,172299.18,2.43
2026-04-12,Diourbel,riz,surveillance,1,294340.4,2.6
2026-04-12,Diourbel,tomate,critique,1,294649.93,3.57
2026-04-12,Fatick,arachide,surveillance,1,332778.92,3.09
2026-04-12,Fatick,mais,surveillance,1,317428.47,2.75
2026-04-12,Fatick,mil,stable,1,202372.21,1.52
2026-04-12,Fatick,riz,surveillance,1,264597.91,3.46
2026-04-12,Fatick,tomate,stable,1,287234.97,1.29
2026-04-12,Kaolack,arachide,critique,1,439501.05,3.81
2026-04-12,Kaolack,mais,stable,1,489465.2,1.93
2026-04-12,Kaolack,mil,surveillance,1,159241.55,3.01
2026-04-12,Kaolack,riz,stable,1,214534.08,2.27
2026-04-12,Kaolack,tomate,stable,1,206157.44,1.86
2026-04-12,Kolda,arachide,surveillance,1,92036.17,2.6
2026-04-12,Kolda,mais,stable,1,353104.94,2.26
2026-04-12,Kolda,mil,stable,1,403598.74,1.97
2026-04-12,Kolda,riz,surveillance,1,188669.37,2.43
2026-04-12,Kolda,tomate,stable,1,398759.47,1.71
2026-04-12,Saint-Louis,arachide,surveillance,1,206389.73,3.32
2026-04-12,Saint-Louis,mais,surveillance,1,283411.97,2.77
2026-04-12,Saint-Louis,mil,surveillance,1,404316.95,2.37
2026-04-12,Saint-Louis,riz,surveillance,1,136416.01,2.83
2026-04-12,Saint-Louis,tomate,surveillance,1,220283.79,2.95
2026-04-12,Thies,arachide,surveillance,1,335998.25,3.02
2026-04-12,Thies,mais,critique,1,259163.93,3.66
2026-04-12,Thies,mil,surveillance,1,345273.64,2.5
2026-04-12,Thies,riz,stable,1,211724.95,2.26
2026-04-12,Thies,tomate,stable,1,398806.75,1.09
2026-04-12,Ziguinchor,arachide,surveillance,1,61730.83,3.31
2026-04-12,Ziguinchor,mais,stable,1,267367.08,2.17
2026-04-12,Ziguinchor,mil,critique,1,389233.38,4.07
2026-04-12,Ziguinchor,riz,surveillance,1,150738.21,3.05
2026-04-12,Ziguinchor,tomate,stable,1,326106.79,2.01
2026-04-11,Dakar,arachide,surveillance,1,143614.77,2.53
2026-04-11,Dakar,mais,surveillance,1,261581.36,2.69
2026-04-11,Dakar,mil,critique,1,328326.72,3.54
2026-04-11,Dakar,riz,surveillance,1,240558.4,2.9
2026-04-11,Dakar,tomate,stable,1,277803.6,1.25
2026-04-11,Diourbel,arachide,stable,1,386736.25,2.2
2026-04-11,Diourbel,mais,stable,1,56010.87,1.93
2026-04-11,Diourbel,mil,stable,1,327527.18,1.56
2026-04-11,Diourbel,riz,surveillance,1,379300.28,3.36
2026-04-11,Diourbel,tomate,stable,1,151073.64,1.34
2026-04-11,Fatick,arachide,stable,1,209099.48,2.28
2026-04-11,Fatick,mais,surveillance,1,268081.35,3.19
2026-04-11,Fatick,mil,stable,1,375253.9,0.56
2026-04-11,Fatick,riz,stable,1,290432.1,2.06
2026-04-11,Fatick,tomate,surveillance,1,207026.66,3.22
2026-04-11,Kaolack,arachide,surveillance,1,197185.6,2.91
2026-04-11,Kaolack,mais,stable,1,220089.7,2.23
2026-04-11,Kaolack,mil,stable,1,293665.42,2.12
2026-04-11,Kaolack,riz,surveillance,1,214714.8,3.09
2026-04-11,Kaolack,tomate,surveillance,1,388792.12,2.83
2026-04-11,Kolda,arachide,stable,1,350723.19,1.99
2026-04-11,Kolda,mais,stable,1,201696.3,1.6
2026-04-11,Kolda,mil,critique,1,385536.48,3.96
2026-04-11,Kolda,riz,surveillance,1,441274.08,2.52
2026-04-11,Kolda,tomate,surveillance,1,408357.5,3.47
2026-04-11,Saint-Louis,arachide,stable,1,288474.8,2.09
2026-04-11,Saint-Louis,mais,surveillance,1,304802.62,3.15
2026-04-11,Saint-Louis,mil,surveillance,1,382303.24,2.6
2026-04-11,Saint-Louis,riz,critique,1,341481.05,3.93
2026-04-11,Saint-Louis,tomate,stable,1,290506.43,1.84
2026-04-11,Thies,arachide,surveillance,1,504910.02,2.91
2026-04-11,Thies,mais,stable,1,244656.36,2.3
2026-04-11,Thies,mil,surveillance,1,395062.92,3.17
2026-04-11,Thies,riz,surveillance,1,110920.13,3.09
2026-04-11,Thies,tomate,stable,1,338914.67,2.24
2026-04-11,Ziguinchor,arachide,critique,1,491925.96,3.71
2026-04-11,Ziguinchor,mais,surveillance,1,196558.14,2.38
2026-04-11,Ziguinchor,mil,surveillance,1,270215.98,3.39
2026-04-11,Ziguinchor,riz,stable,1,117174.33,1.14
2026-04-11,Ziguinchor,tomate,stable,1,125198.87,1.83
2026-04-10,Dakar,arachide,surveillance,1,325751.32,3.07
2026-04-10,Dakar,mais,surveillance,1,43741.25,2.52
2026-04-10,Dakar,mil,stable,1,113770.37,1.88
2026-04-10,Dakar,riz,stable,1,205132.07,1.64
2026-04-10,Dakar,tomate,critique,1,218685.83,4.28
2026-04-10,Diourbel,arachide,stable,1,111231.06,2.25
2026-04-10,Diourbel,mais,stable,1,281011.09,2.08
2026-04-10,Diourbel,mil,surveillance,1,403988.75,2.81
2026-04-10,Diourbel,riz,stable,1,457109.46,2.13
2026-04-10,Diourbel,tomate,surveillance,1,295391.92,2.38
2026-04-10,Fatick,arachide,stable,1,249047.5,1.7
2026-04-10,Fatick,mais,stable,1,231759.41,2.15
2026-04-10,Fatick,mil,surveillance,1,399257.04,3.23
2026-04-10,Fatick,riz,surveillance,1,330185.77,2.71
2026-04-10,Fatick,tomate,critique,1,215553.88,3.5
2026-04-10,Kaolack,arachide,stable,1,446307.17,2.04
2026-04-10,Kaolack,mais,surveillance,1,314541.01,2.6
2026-04-10,Kaolack,mil,surveillance,1,404725.83,2.41
2026-04-10,Kaolack,riz,stable,1,345017.7,1.86
2026-04-10,Kaolack,tomate,stable,1,332355.34,1.34
2026-04-10,Kolda,arachide,surveillance,1,473299.68,2.97
2026-04-10,Kolda,mais,surveillance,1,186162.23,2.38
2026-04-10,Kolda,mil,surveillance,1,131300.04,2.33
2026-04-10,Kolda,riz,surveillance,1,295405.04,2.86
2026-04-10,Kolda,tomate,stable,1,75929.05,2.19
2026-04-10,Saint-Louis,arachide,surveillance,1,288379.13,2.72
2026-04-10,Saint-Louis,mais,stable,1,167581.03,1.73
2026-04-10,Saint-Louis,mil,stable,1,167203.24,1.28
2026-04-10,Saint-Louis,riz,surveillance,1,456025.85,3.14
2026-04-10,Saint-Louis,tomate,surveillance,1,183265.56,3.15
2026-04-10,Thies,arachide,stable,1,279518.18,0.99
2026-04-10,Thies,mais,surveillance,1,438293.33,3.03
2026-04-10,Thies,mil,surveillance,1,322823.99,2.61
2026-04-10,Thies,riz,surveillance,1,293056.36,3.12
2026-04-10,Thies,tomate,critique,1,206429.7,4.56
2026-04-10,Ziguinchor,arachide,critique,1,282712.24,3.65
2026-04-10,Ziguinchor,mais,surveillance,1,425525.0,2.56
2026-04-10,Ziguinchor,mil,surveillance,1,181216.8,2.69
2026-04-10,Ziguinchor,riz,surveillance,1,264032.69,2.8
2026-04-10,Ziguinchor,tomate,surveillance,1,275445.99,2.83
2026-04-09,Dakar,arachide,critique,1,167660.54,3.91
2026-04-09,Dakar,mais,stable,1,291800.96,2.14
2026-04-09,Dakar,mil,stable,1,421465.13,0.77
2026-04-09,Dakar,riz,surveillance,1,355869.99,2.56
2026-04-09,Dakar,tomate,stable,1,164970.75,0.76
2026-04-09,Diourbel,arachide,surveillance,1,187810.29,3.29
2026-04-09,Diourbel,mais,stable,1,187668.3,1.4
2026-04-09,Diourbel,mil,surveillance,1,169033.43,2.48
2026-04-09,Diourbel,riz,stable,1,317127.55,1.23
2026-04-09,Diourbel,tomate,critique,1,285829.38,4.16
2026-04-09,Fatick,arachide,surveillance,1,223040.93,3.03
2026-04-09,Fatick,mais,stable,1,330416.1,1.65
2026-04-09,Fatick,mil,surveillance,1,397378.23,2.66
2026-04-09,Fatick,riz,critique,1,440450.13,3.95
2026-04-09,Fatick,tomate,surveillance,1,370595.13,2.32
2026-04-09,Kaolack,arachide,stable,1,139449.99,2.09
2026-04-09,Kaolack,mais,stable,1,282457.59,2.13
2026-04-09,Kaolack,mil,surveillance,1,97014.48,2.46
2026-04-09,Kaolack,riz,stable,1,261441.27,2.21
2026-04-09,Kaolack,tomate,surveillance,1,236947.51,3.22
2026-04-09,Kolda,arachide,surveillance,1,254778.99,2.94
2026-04-09,Kolda,mais,surveillance,1,178683.8,2.33
2026-04-09,Kolda,mil,surveillance,1,311435.45,2.82
2026-04-09,Kolda,riz,stable,1,367627.92,1.62
2026-04-09,Kolda,tomate,stable,1,410122.51,1.71
2026-04-09,Saint-Louis,arachide,surveillance,1,258029.99,2.37
2026-04-09,Saint-Louis,mais,surveillance,1,286983.83,3.28
2026-04-09,Saint-Louis,mil,stable,1,84091.6,2.03
2026-04-09,Saint-Louis,riz,stable,1,102884.24,1.34
2026-04-09,Saint-Louis,tomate,surveillance,1,98721.47,3.07
2026-04-09,Thies,arachide,surveillance,1,165852.32,3.49
2026-04-09,Thies,mais,stable,1,491433.17,1.67
2026-04-09,Thies,mil,stable,1,310227.35,1.66
2026-04-09,Thies,riz,surveillance,1,161965.66,3.44
2026-04-09,Thies,tomate,surveillance,1,314187.72,2.52
2026-04-09,Ziguinchor,arachide,surveillance,1,269360.46,3.26
2026-04-09,Ziguinchor,mais,stable,1,208946.13,1.85
2026-04-09,Ziguinchor,mil,stable,1,177733.34,0.97
2026-04-09,Ziguinchor,riz,stable,1,369377.64,2.07
2026-04-09,Ziguinchor,tomate,stable,1,69971.93,1.0
2026-04-08,Dakar,arachide,surveillance,1,255797.44,2.61
2026-04-08,Dakar,mais,surveillance,1,159317.7,2.72
2026-04-08,Dakar,mil,stable,1,326611.05,1.39
2026-04-08,Dakar,riz,stable,1,365987.19,2.08
2026-04-08,Dakar,tomate,stable,1,386793.81,2.13
2026-04-08,Diourbel,arachide,critique,1,186551.81,4.45
2026-04-08,Diourbel,mais,critique,1,395533.62,3.98
2026-04-08,Diourbel,mil,critique,1,208309.96,4.01
2026-04-08,Diourbel,riz,stable,1,375234.72,1.29
2026-04-08,Diourbel,tomate,stable,1,342919.91,0.28
2026-04-08,Fatick,arachide,surveillance,1,109724.47,3.42
2026-04-08,Fatick,mais,critique,1,110231.0,3.52
2026-04-08,Fatick,mil,critique,1,217762.33,3.89
2026-04-08,Fatick,riz,stable,1,173854.56,2.07
2026-04-08,Fatick,tomate,surveillance,1,323283.89,3.15
2026-04-08,Kaolack,arachide,critique,1,132321.72,3.82
2026-04-08,Kaolack,mais,surveillance,1,396388.3,2.36
2026-04-08,Kaolack,mil,surveillance,1,278812.8,2.46
2026-04-08,Kaolack,riz,stable,1,254547.29,1.79
2026-04-08,Kaolack,tomate,surveillance,1,136502.67,3.0
2026-04-08,Kolda,arachide,surveillance,1,229495.73,3.21
2026-04-08,Kolda,mais,surveillance,1,341463.53,3.09
2026-04-08,Kolda,mil,stable,1,397204.46,2.01
2026-04-08,Kolda,riz,surveillance,1,337211.23,2.87
2026-04-08,Kolda,tomate,surveillance,1,348849.65,2.66
2026-04-08,Saint-Louis,arachide,surveillance,1,321212.82,2.54
2026-04-08,Saint-Louis,mais,stable,1,317047.02,2.06
2026-04-08,Saint-Louis,mil,stable,1,305419.69,1.77
2026-04-08,Saint-Louis,riz,surveillance,1,358813.83,2.81
2026-04-08,Saint-Louis,tomate,stable,1,406755.79,1.93
2026-04-08,Thies,arachide,stable,1,192714.42,1.71
2026-04-08,Thies,mais,stable,1,473058.32,1.69
2026-04-08,Thies,mil,surveillance,1,300814.93,2.9
2026-04-08,Thies,riz,stable,1,288118.85,1.15
2026-04-08,Thies,tomate,stable,1,451894.92,2.23
2026-04-08,Ziguinchor,arachide,stable,1,279585.31,2.2
2026-04-08,Ziguinchor,mais,surveillance,1,408362.08,3.06
2026-04-08,Ziguinchor,mil,stable,1,203617.49,1.86
2026-04-08,Ziguinchor,riz,stable,1,422249.78,1.28
2026-04-08,Ziguinchor,tomate,surveillance,1,365195.92,2.66
2026-04-07,Dakar,arachide,critique,1,293962.28,3.74
2026-04-07,Dakar,mais,surveillance,1,231579.72,2.73
2026-04-07,Dakar,mil,stable,1,372534.47,1.78
2026-04-07,Dakar,riz,stable,1,219361.33,2.08
2026-04-07,Dakar,tomate,critique,1,279443.24,3.57
2026-04-07,Diourbel,arachide,surveillance,1,223057.59,2.89
2026-04-07,Diourbel,mais,critique,1,285348.34,4.13
2026-04-07,Diourbel,mil,stable,1,334639.9,1.62
2026-04-07,Diourbel,riz,stable,1,274343.25,1.79
2026-04-07,Diourbel,tomate,surveillance,1,384063.23,2.37
2026-04-07,Fatick,arachide,surveillance,1,209202.37,2.39
2026-04-07,Fatick,mais,surveillance,1,291381.27,2.66
2026-04-07,Fatick,mil,stable,1,289612.04,1.08
2026-04-07,Fatick,riz,stable,1,127265.94,1.59
2026-04-07,Fatick,tomate,critique,1,179612.26,3.68
2026-04-07,Kaolack,arachide,stable,1,349249.6,2.24
2026-04-07,Kaolack,mais,surveillance,1,131455.4,2.66
2026-04-07,Kaolack,mil,stable,1,272052.44,2.1
2026-04-07,Kaolack,riz,stable,1,308673.77,2.23
2026-04-07,Kaolack,tomate,stable,1,142441.24,2.09
2026-04-07,Kolda,arachide,stable,1,233157.45,0.83
2026-04-07,Kolda,mais,stable,1,218608.04,1.71
2026-04-07,Kolda,mil,stable,1,299997.42,2.13
2026-04-07,Kolda,riz,surveillance,1,106952.15,2.59
2026-04-07,Kolda,tomate,critique,1,195589.59,3.69
2026-04-07,Saint-Louis,arachide,surveillance,1,426145.73,3.47
2026-04-07,Saint-Louis,mais,stable,1,307739.69,1.8
2026-04-07,Saint-Louis,mil,stable,1,366656.02,2.03
2026-04-07,Saint-Louis,riz,surveillance,1,129249.79,3.05
2026-04-07,Saint-Louis,tomate,surveillance,1,397856.94,3.39
2026-04-07,Thies,arachide,surveillance,1,324110.54,3.26
2026-04-07,Thies,mais,surveillance,1,242339.16,2.64
2026-04-07,Thies,mil,stable,1,455282.04,1.46
2026-04-07,Thies,riz,stable,1,309701.62,1.79
2026-04-07,Thies,tomate,critique,1,360744.94,4.66
2026-04-07,Ziguinchor,arachide,stable,1,426923.68,2.16
2026-04-07,Ziguinchor,mais,stable,1,146579.45,2.09
2026-04-07,Ziguinchor,mil,stable,1,355342.37,1.63
2026-04-07,Ziguinchor,riz,surveillance,1,158082.62,2.79
2026-04-07,Ziguinchor,tomate,stable,1,184511.27,2.02
2026-04-06,Dakar,arachide,surveillance,1,245143.85,2.95
2026-04-06,Dakar,mais,surveillance,1,166313.07,2.95
2026-04-06,Dakar,mil,critique,1,304961.82,3.61
2026-04-06,Dakar,riz,stable,1,233616.75,1.94
2026-04-06,Dakar,tomate,stable,1,398027.96,1.82
2026-04-06,Diourbel,arachide,surveillance,1,243469.29,2.51
2026-04-06,Diourbel,mais,surveillance,1,169234.75,2.93
2026-04-06,Diourbel,mil,stable,1,247419.94,1.91
2026-04-06,Diourbel,riz,surveillance,1,190557.67,2.9
2026-04-06,Diourbel,tomate,stable,1,287902.28,0.67
2026-04-06,Fatick,arachide,surveillance,1,47719.35,2.33
2026-04-06,Fatick,mais,stable,1,159396.84,2.25
2026-04-06,Fatick,mil,surveillance,1,276447.91,3.25
2026-04-06,Fatick,riz,stable,1,368486.92,1.63
2026-04-06,Fatick,tomate,critique,1,359600.29,4.26
2026-04-06,Kaolack,arachide,stable,1,123590.33,1.86
2026-04-06,Kaolack,mais,surveillance,1,265462.17,3.11
2026-04-06,Kaolack,mil,surveillance,1,367734.36,3.06
2026-04-06,Kaolack,riz,stable,1,340143.58,1.88
2026-04-06,Kaolack,tomate,surveillance,1,397765.11,2.63
2026-04-06,Kolda,arachide,stable,1,345834.81,2.12
2026-04-06,Kolda,mais,critique,1,330767.61,4.43
2026-04-06,Kolda,mil,critique,1,320317.65,4.52
2026-04-06,Kolda,riz,critique,1,318172.3,4.33
2026-04-06,Kolda,tomate,surveillance,1,139771.04,2.68
2026-04-06,Saint-Louis,arachide,stable,1,327567.43,1.33
2026-04-06,Saint-Louis,mais,surveillance,1,121260.31,2.36
2026-04-06,Saint-Louis,mil,surveillance,1,407354.91,2.7
2026-04-06,Saint-Louis,riz,surveillance,1,360600.36,3.16
2026-04-06,Saint-Louis,tomate,surveillance,1,234872.65,2.98
2026-04-06,Thies,arachide,critique,1,311999.27,3.96
2026-04-06,Thies,mais,critique,1,499411.39,3.69
2026-04-06,Thies,mil,surveillance,1,119351.38,3.06
2026-04-06,Thies,riz,stable,1,414806.05,1.75
2026-04-06,Thies,tomate,stable,1,274578.97,1.65
2026-04-06,Ziguinchor,arachide,surveillance,1,188338.43,3.3
2026-04-06,Ziguinchor,mais,surveillance,1,278951.06,2.92
2026-04-06,Ziguinchor,mil,stable,1,402394.95,1.66
2026-04-06,Ziguinchor,riz,critique,1,167914.58,3.94
2026-04-06,Ziguinchor,tomate,surveillance,1,484746.36,3.06
2026-04-05,Dakar,arachide,stable,1,355386.23,2.27
2026-04-05,Dakar,mais,stable,1,465776.43,1.86
2026-04-05,Dakar,mil,stable,1,394711.18,2.05
2026-04-05,Dakar,riz,stable,1,258683.01,1.14
2026-04-05,Dakar,tomate,stable,1,159879.76,1.72
2026-04-05,Diourbel,arachide,stable,1,263436.08,2.09
2026-04-05,Diourbel,mais,surveillance,1,278426.64,2.43
2026-04-05,Diourbel,mil,stable,1,284844.65,0.31
2026-04-05,Diourbel,riz,stable,1,301187.95,2.29
2026-04-05,Diourbel,tomate,stable,1,120938.89,2.01
2026-04-05,Fatick,arachide,stable,1,425423.73,1.72
2026-04-05,Fatick,mais,stable,1,204010.83,0.53
2026-04-05,Fatick,mil,stable,1,459951.4,0.93
2026-04-05,Fatick,riz,critique,1,358557.6,3.9
2026-04-05,Fatick,tomate,stable,1,139781.65,2.27
2026-04-05,Kaolack,arachide,surveillance,1,249904.82,3.09
2026-04-05,Kaolack,mais,surveillance,1,281873.42,2.31
2026-04-05,Kaolack,mil,stable,1,250656.12,1.35
2026-04-05,Kaolack,riz,stable,1,465345.61,1.62
2026-04-05,Kaolack,tomate,stable,1,83289.6,1.79
2026-04-05,Kolda,arachide,surveillance,1,238215.89,3.13
2026-04-05,Kolda,mais,surveillance,1,165259.82,3.35
2026-04-05,Kolda,mil,stable,1,204609.04,1.94
2026-04-05,Kolda,riz,surveillance,1,314489.68,2.39
2026-04-05,Kolda,tomate,surveillance,1,278917.94,2.58
2026-04-05,Saint-Louis,arachide,surveillance,1,297704.38,2.77
2026-04-05,Saint-Louis,mais,surveillance,1,388528.78,2.93
2026-04-05,Saint-Louis,mil,critique,1,218983.46,3.85
2026-04-05,Saint-Louis,riz,stable,1,213590.04,2.1
2026-04-05,Saint-Louis,tomate,surveillance,1,424886.53,3.36
2026-04-05,Thies,arachide,stable,1,174094.34,1.68
2026-04-05,Thies,mais,surveillance,1,267661.94,3.15
2026-04-05,Thies,mil,stable,1,114700.23,1.83
2026-04-05,Thies,riz,surveillance,1,272405.39,2.48
2026-04-05,Thies,tomate,stable,1,303313.15,1.17
2026-04-05,Ziguinchor,arachide,surveillance,1,236901.44,3.38
2026-04-05,Ziguinchor,mais,stable,1,214098.21,1.47
2026-04-05,Ziguinchor,mil,surveillance,1,255714.13,2.66
2026-04-05,Ziguinchor,riz,surveillance,1,264339.13,3.19
2026-04-05,Ziguinchor,tomate,surveillance,1,285215.99,3.04
2026-04-04,Dakar,arachide,surveillance,1,450555.06,2.68
2026-04-04,Dakar,mais,surveillance,1,305387.04,3.29
2026-04-04,Dakar,mil,surveillance,1,298408.69,3.32
2026-04-04,Dakar,riz,surveillance,1,442237.31,3.27
2026-04-04,Dakar,tomate,stable,1,237389.47,1.85
2026-04-04,Diourbel,arachide,surveillance,1,181177.89,3.34
2026-04-04,Diourbel,mais,critique,1,199970.09,3.66
2026-04-04,Diourbel,mil,surveillance,1,313959.14,3.3
2026-04-04,Diourbel,riz,surveillance,1,452730.75,2.54
2026-04-04,Diourbel,tomate,stable,1,196764.88,1.94
2026-04-04,Fatick,arachide,surveillance,1,64133.88,3.43
2026-04-04,Fatick,mais,critique,1,248839.69,3.8
2026-04-04,Fatick,mil,surveillance,1,228417.92,2.55
2026-04-04,Fatick,riz,stable,1,353763.25,0.72
2026-04-04,Fatick,tomate,stable,1,293695.88,0.78
2026-04-04,Kaolack,arachide,surveillance,1,99474.86,2.95
2026-04-04,Kaolack,mais,stable,1,342804.31,1.37
2026-04-04,Kaolack,mil,stable,1,190890.72,0.68
2026-04-04,Kaolack,riz,stable,1,402220.22,1.51
2026-04-04,Kaolack,tomate,surveillance,1,149621.66,2.67
2026-04-04,Kolda,arachide,critique,1,341416.56,4.09
2026-04-04,Kolda,mais,stable,1,345391.23,1.72
2026-04-04,Kolda,mil,stable,1,394258.0,1.65
2026-04-04,Kolda,riz,stable,1,465279.27,2.08
2026-04-04,Kolda,tomate,critique,1,185811.62,4.28
2026-04-04,Saint-Louis,arachide,critique,1,213551.98,4.38
2026-04-04,Saint-Louis,mais,surveillance,1,310189.53,2.62
2026-04-04,Saint-Louis,mil,surveillance,1,422598.53,2.34
2026-04-04,Saint-Louis,riz,stable,1,349692.17,1.81
2026-04-04,Saint-Louis,tomate,surveillance,1,190549.53,2.42
2026-04-04,Thies,arachide,surveillance,1,361511.22,2.95
2026-04-04,Thies,mais,surveillance,1,217040.55,2.33
2026-04-04,Thies,mil,surveillance,1,325832.88,2.39
2026-04-04,Thies,riz,stable,1,206991.99,1.66
2026-04-04,Thies,tomate,stable,1,159525.77,1.28
2026-04-04,Ziguinchor,arachide,stable,1,87503.22,1.89
2026-04-04,Ziguinchor,mais,surveillance,1,288523.93,2.86
2026-04-04,Ziguinchor,mil,surveillance,1,288288.24,2.68
2026-04-04,Ziguinchor,riz,surveillance,1,201380.33,2.57
2026-04-04,Ziguinchor,tomate,surveillance,1,391390.75,2.52
2026-04-03,Dakar,arachide,stable,1,373147.0,2.09
2026-04-03,Dakar,mais,critique,1,134159.4,3.8
2026-04-03,Dakar,mil,stable,1,161035.27,0.86
2026-04-03,Dakar,riz,critique,1,394704.55,4.15
2026-04-03,Dakar,tomate,surveillance,1,256318.16,2.93
2026-04-03,Diourbel,arachide,surveillance,1,91908.51,3.23
2026-04-03,Diourbel,mais,surveillance,1,434662.13,2.91
2026-04-03,Diourbel,mil,surveillance,1,302192.2,2.39
2026-04-03,Diourbel,riz,surveillance,1,277284.45,3.25
2026-04-03,Diourbel,tomate,surveillance,1,277620.14,3.1
2026-04-03,Fatick,arachide,stable,1,187034.09,1.27
2026-04-03,Fatick,mais,surveillance,1,279411.78,2.99
2026-04-03,Fatick,mil,surveillance,1,135082.36,2.81
2026-04-03,Fatick,riz,surveillance,1,468602.68,2.31
2026-04-03,Fatick,tomate,stable,1,261182.66,1.7
2026-04-03,Kaolack,arachide,stable,1,150053.45,2.18
2026-04-03,Kaolack,mais,surveillance,1,174764.53,2.36
2026-04-03,Kaolack,mil,surveillance,1,169547.7,3.26
2026-04-03,Kaolack,riz,surveillance,1,323208.92,2.33
2026-04-03,Kaolack,tomate,surveillance,1,453703.87,2.65
2026-04-03,Kolda,arachide,surveillance,1,277877.22,2.68
2026-04-03,Kolda,mais,stable,1,221167.88,1.6
2026-04-03,Kolda,mil,critique,1,133374.13,3.83
2026-04-03,Kolda,riz,surveillance,1,287694.55,3.1
2026-04-03,Kolda,tomate,critique,1,157251.0,3.94
2026-04-03,Saint-Louis,arachide,stable,1,292637.73,1.33
2026-04-03,Saint-Louis,mais,stable,1,358343.46,1.64
2026-04-03,Saint-Louis,mil,critique,1,66548.3,3.76
2026-04-03,Saint-Louis,riz,stable,1,144856.39,1.24
2026-04-03,Saint-Louis,tomate,surveillance,1,173384.85,2.32
2026-04-03,Thies,arachide,stable,1,151283.22,1.92
2026-04-03,Thies,mais,stable,1,443575.0,0.44
2026-04-03,Thies,mil,stable,1,129862.52,1.22
2026-04-03,Thies,riz,surveillance,1,145116.39,2.53
2026-04-03,Thies,tomate,surveillance,1,81441.98,2.82
2026-04-03,Ziguinchor,arachide,stable,1,190597.23,1.16
2026-04-03,Ziguinchor,mais,surveillance,1,239278.81,3.17
2026-04-03,Ziguinchor,mil,critique,1,291606.5,4.2
2026-04-03,Ziguinchor,riz,stable,1,353638.28,2.1
2026-04-03,Ziguinchor,tomate,surveillance,1,140748.85,2.61
2026-04-02,Dakar,arachide,surveillance,1,235652.12,3.07
2026-04-02,Dakar,mais,surveillance,1,297082.0,2.6
2026-04-02,Dakar,mil,surveillance,1,361805.37,2.56
2026-04-02,Dakar,riz,surveillance,1,200116.78,3.3
2026-04-02,Dakar,tomate,stable,1,333569.85,0.69
2026-04-02,Diourbel,arachide,surveillance,1,127982.61,2.6
2026-04-02,Diourbel,mais,surveillance,1,434109.22,2.64
2026-04-02,Diourbel,mil,surveillance,1,436138.61,3.29
2026-04-02,Diourbel,riz,stable,1,480094.86,1.69
2026-04-02,Diourbel,tomate,stable,1,278873.96,1.74
2026-04-02,Fatick,arachide,stable,1,349014.97,2.06
2026-04-02,Fatick,mais,surveillance,1,112245.9,2.31
2026-04-02,Fatick,mil,surveillance,1,269545.82,2.42
2026-04-02,Fatick,riz,surveillance,1,248984.9,2.77
2026-04-02,Fatick,tomate,surveillance,1,265266.85,2.83
2026-04-02,Kaolack,arachide,stable,1,198907.56,1.22
2026-04-02,Kaolack,mais,critique,1,287907.17,3.77
2026-04-02,Kaolack,mil,surveillance,1,218123.99,2.42
2026-04-02,Kaolack,riz,surveillance,1,348777.24,2.66
2026-04-02,Kaolack,tomate,surveillance,1,365180.23,3.31
2026-04-02,Kolda,arachide,surveillance,1,321710.4,3.49
2026-04-02,Kolda,mais,critique,1,407643.98,3.59
2026-04-02,Kolda,mil,stable,1,190665.71,2.23
2026-04-02,Kolda,riz,surveillance,1,261496.69,2.5
2026-04-02,Kolda,tomate,surveillance,1,162496.52,2.6
2026-04-02,Saint-Louis,arachide,stable,1,391167.93,2.11
2026-04-02,Saint-Louis,mais,stable,1,220139.88,1.86
2026-04-02,Saint-Louis,mil,stable,1,189245.91,2.03
2026-04-02,Saint-Louis,riz,stable,1,169560.0,1.65
2026-04-02,Saint-Louis,tomate,critique,1,328788.34,3.65
2026-04-02,Thies,arachide,surveillance,1,286640.62,2.74
2026-04-02,Thies,mais,stable,1,390860.37,2.0
2026-04-02,Thies,mil,surveillance,1,201326.32,3.43
2026-04-02,Thies,riz,surveillance,1,259032.03,2.7
2026-04-02,Thies,tomate,surveillance,1,288280.68,2.5
2026-04-02,Ziguinchor,arachide,stable,1,31752.66,2.05
2026-04-02,Ziguinchor,mais,surveillance,1,207011.72,2.59
2026-04-02,Ziguinchor,mil,surveillance,1,126180.0,2.91
2026-04-02,Ziguinchor,riz,stable,1,483893.32,1.53
2026-04-02,Ziguinchor,tomate,critique,1,337867.71,4.01
2026-04-01,Dakar,arachide,surveillance,1,254901.22,2.9
2026-04-01,Dakar,mais,surveillance,1,58112.8,2.54
2026-04-01,Dakar,mil,surveillance,1,255390.31,3.01
2026-04-01,Dakar,riz,surveillance,1,253185.67,2.71
2026-04-01,Dakar,tomate,critique,1,235652.72,3.91
2026-04-01,Diourbel,arachide,surveillance,1,389814.17,3.31
2026-04-01,Diourbel,mais,stable,1,171418.22,1.25
2026-04-01,Diourbel,mil,stable,1,163624.51,1.94
2026-04-01,Diourbel,riz,stable,1,369899.87,2.02
2026-04-01,Diourbel,tomate,critique,1,139229.33,3.53
2026-04-01,Fatick,arachide,stable,1,162571.46,2.08
2026-04-01,Fatick,mais,stable,1,377189.25,1.79
2026-04-01,Fatick,mil,stable,1,89602.29,1.76
2026-04-01,Fatick,riz,surveillance,1,135009.43,2.62
2026-04-01,Fatick,tomate,critique,1,169634.18,4.04
2026-04-01,Kaolack,arachide,surveillance,1,281013.78,2.95
2026-04-01,Kaolack,mais,stable,1,148266.6,1.91
2026-04-01,Kaolack,mil,surveillance,1,178754.59,3.11
2026-04-01,Kaolack,riz,stable,1,247309.5,2.12
2026-04-01,Kaolack,tomate,surveillance,1,264083.74,3.31
2026-04-01,Kolda,arachide,surveillance,1,401238.6,2.69
2026-04-01,Kolda,mais,stable,1,407854.54,1.86
2026-04-01,Kolda,mil,critique,1,364292.22,3.8
2026-04-01,Kolda,riz,surveillance,1,407618.27,2.63
2026-04-01,Kolda,tomate,stable,1,271554.97,0.34
2026-04-01,Saint-Louis,arachide,surveillance,1,153846.12,3.45
2026-04-01,Saint-Louis,mais,surveillance,1,411792.81,2.65
2026-04-01,Saint-Louis,mil,stable,1,189314.84,0.84
2026-04-01,Saint-Louis,riz,surveillance,1,265804.96,3.39
2026-04-01,Saint-Louis,tomate,stable,1,159240.83,1.85
2026-04-01,Thies,arachide,critique,1,260340.26,4.38
2026-04-01,Thies,mais,surveillance,1,111966.78,3.07
2026-04-01,Thies,mil,surveillance,1,283933.6,3.1
2026-04-01,Thies,riz,stable,1,145160.05,1.59
2026-04-01,Thies,tomate,stable,1,257686.6,0.63
2026-04-01,Ziguinchor,arachide,surveillance,1,269707.12,3.09
2026-04-01,Ziguinchor,mais,surveillance,1,372756.62,3.2
2026-04-01,Ziguinchor,mil,stable,1,350158.22,1.74
2026-04-01,Ziguinchor,riz,stable,1,235744.15,1.77
2026-04-01,Ziguinchor,tomate,surveillance,1,261172.1,2.73
2026-03-31,Dakar,arachide,stable,1,224074.77,1.77
2026-03-31,Dakar,mais,stable,1,365884.58,0.87
2026-03-31,Dakar,mil,stable,1,358522.61,1.57
2026-03-31,Dakar,riz,critique,1,343221.44,3.97
2026-03-31,Dakar,tomate,surveillance,1,422513.31,2.47
2026-03-31,Diourbel,arachide,stable,1,235576.86,2.06
2026-03-31,Diourbel,mais,surveillance,1,232743.82,2.71
2026-03-31,Diourbel,mil,stable,1,338365.16,1.54
2026-03-31,Diourbel,riz,surveillance,1,89290.09,2.58
2026-03-31,Diourbel,tomate,stable,1,279144.55,1.49
2026-03-31,Fatick,arachide,surveillance,1,170339.06,2.62
2026-03-31,Fatick,mais,stable,1,370984.65,1.55
2026-03-31,Fatick,mil,critique,1,335305.93,3.55
2026-03-31,Fatick,riz,stable,1,79798.63,2.24
2026-03-31,Fatick,tomate,stable,1,158479.82,1.38
2026-03-31,Kaolack,arachide,surveillance,1,476550.67,3.0
2026-03-31,Kaolack,mais,stable,1,479792.67,0.89
2026-03-31,Kaolack,mil,stable,1,355535.27,1.78
2026-03-31,Kaolack,riz,surveillance,1,434246.89,3.22
2026-03-31,Kaolack,tomate,surveillance,1,337626.48,3.34
2026-03-31,Kolda,arachide,stable,1,143282.57,1.65
2026-03-31,Kolda,mais,surveillance,1,177260.18,2.46
2026-03-31,Kolda,mil,surveillance,1,223537.28,2.63
2026-03-31,Kolda,riz,surveillance,1,31029.29,2.79
2026-03-31,Kolda,tomate,surveillance,1,324915.74,2.53
2026-03-31,Saint-Louis,arachide,surveillance,1,256563.83,2.66
2026-03-31,Saint-Louis,mais,surveillance,1,284941.11,2.73
2026-03-31,Saint-Louis,mil,surveillance,1,318523.75,2.49
2026-03-31,Saint-Louis,riz,critique,1,388666.32,3.87
2026-03-31,Saint-Louis,tomate,stable,1,437140.03,2.3
2026-03-31,Thies,arachide,critique,1,226930.6,3.74
2026-03-31,Thies,mais,surveillance,1,221084.33,3.27
2026-03-31,Thies,mil,surveillance,1,300846.3,2.51
2026-03-31,Thies,riz,surveillance,1,332758.28,3.44
2026-03-31,Thies,tomate,surveillance,1,178994.95,2.95
2026-03-31,Ziguinchor,arachide,critique,1,305526.92,3.58
2026-03-31,Ziguinchor,mais,surveillance,1,280808.76,2.48
2026-03-31,Ziguinchor,mil,surveillance,1,318934.39,2.32
2026-03-31,Ziguinchor,riz,critique,1,269147.59,3.59
2026-03-31,Ziguinchor,tomate,surveillance,1,362007.17,2.92
2026-03-30,Dakar,arachide,critique,1,359800.66,3.95
2026-03-30,Dakar,mais,stable,1,175660.21,1.82
2026-03-30,Dakar,mil,critique,1,210507.58,4.37
2026-03-30,Dakar,riz,stable,1,173954.99,2.16
2026-03-30,Dakar,tomate,surveillance,1,181614.68,3.48
2026-03-30,Diourbel,arachide,critique,1,263257.8,4.02
2026-03-30,Diourbel,mais,surveillance,1,291068.91,2.56
2026-03-30,Diourbel,mil,surveillance,1,350340.81,2.87
2026-03-30,Diourbel,riz,surveillance,1,405209.81,3.39
2026-03-30,Diourbel,tomate,critique,1,427766.47,4.33
2026-03-30,Fatick,arachide,surveillance,1,240410.05,2.64
2026-03-30,Fatick,mais,surveillance,1,162817.35,2.52
2026-03-30,Fatick,mil,critique,1,279417.95,3.73
2026-03-30,Fatick,riz,stable,1,256340.14,1.77
2026-03-30,Fatick,tomate,surveillance,1,228209.22,3.06
2026-03-30,Kaolack,arachide,stable,1,102935.51,2.09
2026-03-30,Kaolack,mais,stable,1,235279.25,1.98
2026-03-30,Kaolack,mil,stable,1,333221.34,1.56
2026-03-30,Kaolack,riz,stable,1,347516.02,2.02
2026-03-30,Kaolack,tomate,surveillance,1,214416.97,2.48
2026-03-30,Kolda,arachide,stable,1,146788.6,2.18
2026-03-30,Kolda,mais,stable,1,222632.94,1.73
2026-03-30,Kolda,mil,stable,1,304250.95,1.23
2026-03-30,Kolda,riz,surveillance,1,227022.24,2.6
2026-03-30,Kolda,tomate,surveillance,1,350727.31,2.61
2026-03-30,Saint-Louis,arachide,stable,1,392523.52,1.67
2026-03-30,Saint-Louis,mais,surveillance,1,273070.33,2.59
2026-03-30,Saint-Louis,mil,surveillance,1,331193.96,3.22
2026-03-30,Saint-Louis,riz,surveillance,1,203350.14,2.5
2026-03-30,Saint-Louis,tomate,surveillance,1,122948.0,2.43
2026-03-30,Thies,arachide,surveillance,1,200095.63,2.88
2026-03-30,Thies,mais,stable,1,123748.36,1.32
2026-03-30,Thies,mil,surveillance,1,338139.6,3.42
2026-03-30,Thies,riz,stable,1,328770.66,1.27
2026-03-30,Thies,tomate,stable,1,191490.78,1.54
2026-03-30,Ziguinchor,arachide,surveillance,1,248557.13,2.6
2026-03-30,Ziguinchor,mais,surveillance,1,337430.91,2.95
2026-03-30,Ziguinchor,mil,stable,1,316835.78,1.57
2026-03-30,Ziguinchor,riz,stable,1,295864.21,2.2
2026-03-30,Ziguinchor,tomate,stable,1,365202.84,1.65
2026-03-29,Dakar,arachide,critique,1,229148.29,4.38
2026-03-29,Dakar,mais,surveillance,1,350548.68,2.47
2026-03-29,Dakar,mil,critique,1,171904.95,3.82
2026-03-29,Dakar,riz,stable,1,275917.31,1.12
2026-03-29,Dakar,tomate,stable,1,213507.8,1.48
2026-03-29,Diourbel,arachide,stable,1,282352.78,2.1
2026-03-29,Diourbel,mais,stable,1,180264.19,1.86
2026-03-29,Diourbel,mil,surveillance,1,265058.82,2.52
2026-03-29,Diourbel,riz,surveillance,1,102880.15,2.68
2026-03-29,Diourbel,tomate,critique,1,283578.42,3.52
2026-03-29,Fatick,arachide,surveillance,1,258533.15,2.88
2026-03-29,Fatick,mais,stable,1,207358.79,1.26
2026-03-29,Fatick,mil,stable,1,382426.53,0.34
2026-03-29,Fatick,riz,critique,1,321699.63,3.72
2026-03-29,Fatick,tomate,stable,1,360219.77,1.84
2026-03-29,Kaolack,arachide,surveillance,1,378369.31,2.3
2026-03-29,Kaolack,mais,surveillance,1,95341.9,2.71
2026-03-29,Kaolack,mil,surveillance,1,325802.57,2.64
2026-03-29,Kaolack,riz,stable,1,172708.33,1.64
2026-03-29,Kaolack,tomate,surveillance,1,265978.32,2.45
2026-03-29,Kolda,arachide,surveillance,1,211171.2,2.89
2026-03-29,Kolda,mais,surveillance,1,292593.1,3.49
2026-03-29,Kolda,mil,surveillance,1,460603.71,2.45
2026-03-29,Kolda,riz,surveillance,1,276741.34,2.54
2026-03-29,Kolda,tomate,stable,1,153890.13,0.92
2026-03-29,Saint-Louis,arachide,critique,1,304666.65,3.8
2026-03-29,Saint-Louis,mais,stable,1,225014.59,2.09
2026-03-29,Saint-Louis,mil,stable,1,260941.03,1.73
2026-03-29,Saint-Louis,riz,surveillance,1,325587.45,2.62
2026-03-29,Saint-Louis,tomate,stable,1,223498.45,1.9
2026-03-29,Thies,arachide,stable,1,258150.12,1.78
2026-03-29,Thies,mais,stable,1,123636.0,1.83
2026-03-29,Thies,mil,stable,1,307360.53,2.02
2026-03-29,Thies,riz,stable,1,238159.48,0.56
2026-03-29,Thies,tomate,surveillance,1,443762.63,2.36
2026-03-29,Ziguinchor,arachide,surveillance,1,322057.71,2.77
2026-03-29,Ziguinchor,mais,critique,1,375849.29,3.7
2026-03-29,Ziguinchor,mil,critique,1,449232.38,3.63
2026-03-29,Ziguinchor,riz,surveillance,1,192640.53,2.43
2026-03-29,Ziguinchor,tomate,stable,1,235221.98,2.01
2026-03-28,Dakar,arachide,stable,1,250096.18,2.2
2026-03-28,Dakar,mais,stable,1,107841.64,2.01
2026-03-28,Dakar,mil,surveillance,1,304518.03,2.6
2026-03-28,Dakar,riz,surveillance,1,164930.87,3.07
2026-03-28,Dakar,tomate,critique,1,289578.9,3.67
2026-03-28,Diourbel,arachide,stable,1,266355.88,1.29
2026-03-28,Diourbel,mais,surveillance,1,183933.28,3.34
2026-03-28,Diourbel,mil,surveillance,1,258768.4,3.13
2026-03-28,Diourbel,riz,stable,1,306073.63,2.07
2026-03-28,Diourbel,tomate,stable,1,468791.37,0.97
2026-03-28,Fatick,arachide,stable,1,71914.39,1.58
2026-03-28,Fatick,mais,stable,1,429345.68,2.06
2026-03-28,Fatick,mil,stable,1,322075.88,2.08
2026-03-28,Fatick,riz,critique,1,116377.34,4.32
2026-03-28,Fatick,tomate,stable,1,432100.14,1.76
2026-03-28,Kaolack,arachide,surveillance,1,227875.37,2.73
2026-03-28,Kaolack,mais,critique,1,287583.34,4.05
2026-03-28,Kaolack,mil,stable,1,363403.52,2.02
2026-03-28,Kaolack,riz,stable,1,123434.59,1.8
2026-03-28,Kaolack,tomate,surveillance,1,217732.23,2.65
2026-03-28,Kolda,arachide,critique,1,391909.92,3.84
2026-03-28,Kolda,mais,critique,1,317632.39,3.82
2026-03-28,Kolda,mil,critique,1,296605.38,3.6
2026-03-28,Kolda,riz,stable,1,162385.94,1.92
2026-03-28,Kolda,tomate,stable,1,196916.75,1.67
2026-03-28,Saint-Louis,arachide,stable,1,217177.36,1.39
2026-03-28,Saint-Louis,mais,surveillance,1,245858.33,2.54
2026-03-28,Saint-Louis,mil,stable,1,127108.44,1.36
2026-03-28,Saint-Louis,riz,surveillance,1,50394.66,2.98
2026-03-28,Saint-Louis,tomate,stable,1,373895.14,0.87
2026-03-28,Thies,arachide,stable,1,321154.96,1.69
2026-03-28,Thies,mais,stable,1,127746.14,1.6
2026-03-28,Thies,mil,surveillance,1,201340.11,2.9
2026-03-28,Thies,riz,stable,1,515526.44,1.99
2026-03-28,Thies,tomate,surveillance,1,174758.64,2.72
2026-03-28,Ziguinchor,arachide,critique,1,210389.26,3.67
2026-03-28,Ziguinchor,mais,critique,1,78460.66,4.01
2026-03-28,Ziguinchor,mil,stable,1,271979.85,1.37
2026-03-28,Ziguinchor,riz,stable,1,492976.47,1.72
2026-03-28,Ziguinchor,tomate,stable,1,377767.16,1.17
2026-03-27,Dakar,arachide,stable,1,114511.21,2.28
2026-03-27,Dakar,mais,surveillance,1,136718.11,2.67
2026-03-27,Dakar,mil,stable,1,262280.93,1.36
2026-03-27,Dakar,riz,stable,1,237230.81,1.87
2026-03-27,Dakar,tomate,surveillance,1,235218.13,2.82
2026-03-27,Diourbel,arachide,surveillance,1,223610.37,2.61
2026-03-27,Diourbel,mais,critique,1,185659.45,3.72
2026-03-27,Diourbel,mil,stable,1,242612.22,1.43
2026-03-27,Diourbel,riz,surveillance,1,389956.4,3.21
2026-03-27,Diourbel,tomate,surveillance,1,368071.13,2.69
2026-03-27,Fatick,arachide,surveillance,1,165686.83,3.28
2026-03-27,Fatick,mais,surveillance,1,306815.82,2.66
2026-03-27,Fatick,mil,surveillance,1,319005.94,3.17
2026-03-27,Fatick,riz,surveillance,1,254252.35,2.43
2026-03-27,Fatick,tomate,surveillance,1,397112.04,2.36
2026-03-27,Kaolack,arachide,stable,1,367100.97,2.28
2026-03-27,Kaolack,mais,critique,1,376899.03,3.6
2026-03-27,Kaolack,mil,surveillance,1,314241.64,3.37
2026-03-27,Kaolack,riz,surveillance,1,259960.3,2.53
2026-03-27,Kaolack,tomate,stable,1,270629.19,0.46
2026-03-27,Kolda,arachide,critique,1,144722.55,3.6
2026-03-27,Kolda,mais,stable,1,154481.94,1.79
2026-03-27,Kolda,mil,stable,1,141745.05,1.86
2026-03-27,Kolda,riz,surveillance,1,317538.61,3.1
2026-03-27,Kolda,tomate,surveillance,1,334303.93,2.63
2026-03-27,Saint-Louis,arachide,stable,1,325062.7,1.64
2026-03-27,Saint-Louis,mais,stable,1,456681.44,1.42
2026-03-27,Saint-Louis,mil,surveillance,1,259251.76,2.87
2026-03-27,Saint-Louis,riz,stable,1,290197.1,1.68
2026-03-27,Saint-Louis,tomate,stable,1,251508.58,1.91
2026-03-27,Thies,arachide,stable,1,63565.52,0.48
2026-03-27,Thies,mais,surveillance,1,195904.74,2.76
2026-03-27,Thies,mil,surveillance,1,364534.02,2.82
2026-03-27,Thies,riz,critique,1,284087.52,4.74
2026-03-27,Thies,tomate,surveillance,1,226325.04,2.69
2026-03-27,Ziguinchor,arachide,stable,1,373676.77,1.38
2026-03-27,Ziguinchor,mais,stable,1,360511.22,1.85
2026-03-27,Ziguinchor,mil,surveillance,1,306284.8,3.02
2026-03-27,Ziguinchor,riz,surveillance,1,40921.48,3.11
2026-03-27,Ziguinchor,tomate,surveillance,1,131511.73,2.46
